filename,eyelid_top,eyelid_top_rotate,eyelid_bottom,eyelid_bottom_rotate,iris_size,pupil_size,eye_look_x,eye_look_y,eyebrow_center_y,eyebrow_center_x,eyebrow_scale,eyebrow_rotate,eyebrow1,eyebrow2,eyebrow30,eyebrow4,eyebrow5,eyebrow6
my_new_drawing.jpg,0.2930861711502075,0.03792934864759445,-0.23115652799606323,0.27562493085861206,0.41689416766166687,0.4573412239551544,-0.07182137668132782,0.03905528783798218,0.22886860370635986,-0.11139991134405136,0.3711302876472473,6.910849571228027,0.1462322175502777,-0.04873097687959671,0.04460654407739639,-0.12454482913017273,-0.1280023753643036,0.049575746059417725
